Adam Korcz <adam@adalogics.com> @AdamKorcz
Arthur Chan <arthur.chan@adalogics.com> @arthurscchan
David Korczynski <david@adalogics.com> @DavidKorczynski
Dongge Liu <donggeliu@google.com> @Alan32Liu
Holly Gong <gongh@google.com> @hogo6002
Jonathan Metzman <metzman@google.com> @jonathanmetzman
Oliver Chang <ochang@google.com> @oliverchang